<?xml version="1.0" encoding="UTF-8"?>
<project-private xmlns="http://www.netbeans.org/ns/project-private/1">
    <editor-bookmarks xmlns="http://www.netbeans.org/ns/editor-bookmarks/2" lastBookmarkId="0"/>
    <open-files xmlns="http://www.netbeans.org/ns/projectui-open-files/2">
        <group>
            <file>file:/C:/Users/priarolo.matteo/Documents/GitHub/cooding/INFORMATICA/2025030402%204AI%20interfaccia%20grafica%20semplice/Interfaccia/src/interfaccia/NewJFrame.java</file>
            <file>file:/C:/Users/priarolo.matteo/Documents/GitHub/cooding/INFORMATICA/2025030402%204AI%20interfaccia%20grafica%20semplice/Interfaccia/src/interfaccia/Interfaccia.java</file>
        </group>
    </open-files>
</project-private>
