<?xml version="1.0" encoding="UTF-8"?>
<?xml-stylesheet href="stile.css" type="text/css"?>
<?xml-stylesheet href="index.xsl" type="text/xsl"?>
<Interventi>
    <Intervento>
        <Comune>Roma</Comune>
        <Provincia>RM</Provincia>
        <Regione>Lazio</Regione>
        <CodiceIntervento>12345</CodiceIntervento>
        <TipoIntervento>Frana</TipoIntervento>
        <Descrizione>Intervento per la protezione da frane nella zona di Campagnano</Descrizione>
        <ImportoFinanziato>500000</ImportoFinanziato>
        <FaseAttuazione>In corso</FaseAttuazione>
    </Intervento>
    <Intervento>
        <Comune>Napoli</Comune>
        <Provincia>NA</Provincia>
        <Regione>Campania</Regione>
        <CodiceIntervento>67890</CodiceIntervento>
        <TipoIntervento>Protezione argini</TipoIntervento>
        <Descrizione>Restauro degli argini del fiume Volturno</Descrizione>
        <ImportoFinanziato>1000000</ImportoFinanziato>
        <FaseAttuazione>Concluso</FaseAttuazione>
    </Intervento>
</Interventi>
