<?xml version="1.0" encoding="UTF-8"?>
<?xml-stylesheet href="stile.css" type="text/css"?>
<?xml-stylesheet href="strutture.xsl" type="text/xsl"?>

<struttureRicetive>
    <citta>
        <zona>Budapest</zona>
        <tipologia>Hotel</tipologia>
        <classificazione>5</classificazione>
        <denominazione>Grand Budapest Hotel</denominazione>
        <indirizzo>Andrássy út 50</indirizzo>
        <numeroTabelleCamere>150</numeroTabelleCamere>
    </citta>
    
    <citta>
        <zona>Budapest</zona>
        <tipologia>Hotel</tipologia>
        <classificazione>4</classificazione>
        <denominazione>New York Palace</denominazione>
        <indirizzo>Erzsébet körút 9-11</indirizzo>
        <numeroTabelleCamere>107</numeroTabelleCamere>
    </citta>

    <citta>
        <zona>Budapest</zona>
        <tipologia>Hotel</tipologia>
        <classificazione>3</classificazione>
        <denominazione>Hotel Gozsdu Court</denominazione>
        <indirizzo>Gozsdu udvar, Király utca 13</indirizzo>
        <numeroTabelleCamere>70</numeroTabelleCamere>
    </citta>
    
    <citta>
        <zona>Budapest</zona>
        <tipologia>BeB</tipologia>
        <classificazione>4</classificazione>
        <denominazione>Buda Home</denominazione>
        <indirizzo>Rózsa utca 15</indirizzo>
        <numeroTabelleCamere>8</numeroTabelleCamere>
    </citta>
    
    <citta>
        <zona>Budapest</zona>
        <tipologia>BeB</tipologia>
        <classificazione>2</classificazione>
        <denominazione>Gellért Guesthouse</denominazione>
        <indirizzo>Gellért Hill, Szent Gellért tér 1</indirizzo>
        <numeroTabelleCamere>5</numeroTabelleCamere>
    </citta>
    
    <citta>
        <zona>Budapest</zona>
        <tipologia>Ostello</tipologia>
        <classificazione>1</classificazione>
        <denominazione>Budapest Hostel</denominazione>
        <indirizzo>Király utca 15</indirizzo>
        <numeroTabelleCamere>30</numeroTabelleCamere>
    </citta>
    
    <citta>
        <zona>Budapest</zona>
        <tipologia>Hotel</tipologia>
        <classificazione>4</classificazione>
        <denominazione>Corinthia Hotel Budapest</denominazione>
        <indirizzo>Erzsébet körút 43-49</indirizzo>
        <numeroTabelleCamere>414</numeroTabelleCamere>
    </citta>
    
    <citta>
        <zona>Budapest</zona>
        <tipologia>BeB</tipologia>
        <classificazione>3</classificazione>
        <denominazione>Budapest Central Apartments</denominazione>
        <indirizzo>Váci utca 22</indirizzo>
        <numeroTabelleCamere>12</numeroTabelleCamere>
    </citta>

    <citta>
        <zona>Budapest</zona>
        <tipologia>Ostello</tipologia>
        <classificazione>2</classificazione>
        <denominazione>Sunflower Hostel</denominazione>
        <indirizzo>Váci utca 4</indirizzo>
        <numeroTabelleCamere>15</numeroTabelleCamere>
    </citta>
    
    <citta>
        <zona>Budapest</zona>
        <tipologia>Hotel</tipologia>
        <classificazione>3</classificazione>
        <denominazione>Hotel Ibis Budapest City</denominazione>
        <indirizzo>Akácfa utca 1-3</indirizzo>
        <numeroTabelleCamere>84</numeroTabelleCamere>
    </citta>
    
    <citta>
        <zona>Budapest</zona>
        <tipologia>Hotel</tipologia>
        <classificazione>5</classificazione>
        <denominazione>The Ritz-Carlton, Budapest</denominazione>
        <indirizzo>Erzsébet tér 9-10</indirizzo>
        <numeroTabelleCamere>200</numeroTabelleCamere>
    </citta>

    <citta>
        <zona>Budapest</zona>
        <tipologia>BeB</tipologia>
        <classificazione>2</classificazione>
        <denominazione>Váci Street Apartments</denominazione>
        <indirizzo>Váci utca 17</indirizzo>
        <numeroTabelleCamere>6</numeroTabelleCamere>
    </citta>
</struttureRicetive>
