<?xml version="1.0" encoding="UTF-8"?>
<?xml-stylesheet type="text/xsl" href="index.xsl"?>
<lista xmlns:xsi="http://www.w3.org/2001/XMLSchema-instance"
       xsi:noNamespaceSchemaLocation="siti.xsd">

    <sito IDSito="s001">
        <nome>CERN</nome>
        <URL>https://home.cern/</URL>
        <descrizione>Centro europeo per la ricerca nucleare</descrizione>
        <categoria>siti istituzionali</categoria>
    </sito>

    <sito IDSito="s002">
        <nome>Museo della scienza e della tecnologia</nome>
        <URL>https://www.museoscienza.org/it</URL>
        <descrizione>Museo Leonardo da Vinci di Milano</descrizione>
        <categoria>musei</categoria>
    </sito>

    <sito IDSito="s003">
        <nome>BBC News</nome>
        <URL>https://www.bbc.com/news/science_and_environment</URL>
        <descrizione>La sezione scientifica di BBC News</descrizione>
        <categoria>news</categoria>
    </sito>

</lista>


<!-- 
l ultimo <sito> incompleto
primo XML eliminato
chiusura dei tag 
-->